{
  "train_loss": [
    313.72552490725366,
    237.64084866955176,
    218.8391452916453,
    208.2347703250982,
    200.70663973008612,
    194.77304213398585,
    190.0497084204287,
    185.68120415317554,
    181.69156162099424,
    178.99388995091445,
    176.41330386736087,
    173.78696124613072,
    171.3828045704869,
    169.1471210797142,
    167.17037620254953,
    165.04799104337192,
    163.27391648514381,
    161.7615187216901,
    160.02306987664355,
    158.5646286610161,
    157.25662372441712,
    155.71078547429468,
    154.34802061480937,
    153.02414841153637,
    151.74519311770243,
    150.29368695930705,
    149.58717032734233,
    148.65669473848507,
    147.27863409045273,
    145.96712557582177,
    145.13812566166018,
    144.25163716377162,
    143.29717545735272,
    142.34657027331232,
    141.39058506111286,
    140.88656709744822,
    140.59608794942613,
    139.72012121821308,
    138.8921688917486,
    138.38075960879576,
    138.06153835300415,
    137.57300078169777,
    136.74015933676552,
    136.06693288914443,
    135.11698078929544,
    134.41649310607312,
    133.7403004362728,
    133.03158199210162,
    132.31204378213312,
    131.7739384750175
  ],
  "dev_loss": [
    258.76780150841444,
    235.7731743624382,
    221.70970829927023,
    212.9798601002951,
    206.92394333725474,
    204.5818952883235,
    202.25977369421958,
    197.9935123474637,
    193.86323520248445,
    192.7104578643424,
    191.1336435673054,
    189.04165571039042,
    186.33345535821104,
    185.8046519206612,
    182.6667780572061,
    182.98872558671638,
    182.52166697614254,
    179.43929167829796,
    180.45201493709123,
    178.6052809459244,
    177.47936641360266,
    176.65745474382877,
    176.33512213495973,
    174.94052841860744,
    174.39702320570467,
    172.38996129890134,
    173.98063331223082,
    172.4946750004985,
    172.59898901090685,
    169.6667473069369,
    171.59931287012483,
    169.72154777601094,
    169.55682905218137,
    168.78911652326926,
    168.2093001961537,
    168.94315951382796,
    168.40578077020857,
    167.53518559828123,
    166.54871503130482,
    167.1096007512163,
    168.77914843563067,
    166.73476369337214,
    165.958751567111,
    167.11417118522192,
    164.9638387271445,
    165.34570469834205,
    165.3304322204249,
    164.7187842552391,
    164.4938062352947,
    163.72798173240847
  ],
  "test_loss": [],
  "train_acc_eucl": [
    0.9079770332233932,
    0.9351201968197785,
    0.9418674416110262,
    0.945807524200252,
    0.9487420561499477,
    0.9508386292333681,
    0.9527089534228944,
    0.9540010859946907,
    0.9553434960984635,
    0.9564864719920628,
    0.9574283377577562,
    0.9582378060225779,
    0.9591159869144343,
    0.9599656772048374,
    0.9607114605958222,
    0.9612142359155874,
    0.9618594642426193,
    0.962415868929826,
    0.9630879119405786,
    0.9634415305821468,
    0.9639862038452256,
    0.9644722199876652,
    0.9648962271740005,
    0.9652649290751616,
    0.9658347411042286,
    0.9661062397769018,
    0.9665285710455045,
    0.966910680288526,
    0.9672827340251522,
    0.9675659641219532,
    0.9679631566245677,
    0.9682178961199153,
    0.9685078298876465,
    0.9688245783390985,
    0.9691279194486901,
    0.9694463438178746,
    0.9696960555600247,
    0.9698619714155472,
    0.9701887753733944,
    0.9704518944574049,
    0.970656356420776,
    0.9709127718338563,
    0.9711876223419945,
    0.9713351031024589,
    0.9715982221864693,
    0.9717423511114687,
    0.9719585444989677,
    0.97220322848792,
    0.9724613198187327,
    0.9726423189338482
  ],
  "dev_acc_eucl": [
    0.9290795980220131,
    0.9368639336417292,
    0.9415855798372946,
    0.944712075291115,
    0.9480618918487798,
    0.9488594672196523,
    0.9500398787685437,
    0.952528313925666,
    0.9517945445844632,
    0.9524645078959961,
    0.954155367682246,
    0.9552081671717977,
    0.9560057425426702,
    0.956420481735524,
    0.9569947360025522,
    0.9567076088690382,
    0.9569309299728824,
    0.9582708565959484,
    0.9581751475514436,
    0.9584303716701228,
    0.9580156324772691,
    0.9585579837294624,
    0.9586855957888021,
    0.9597702982931887,
    0.9593874621151699,
    0.9601531344712075,
    0.9600574254267028,
    0.9602488435157123,
    0.9607911947679055,
    0.9612697399904291,
    0.9607592917530706,
    0.9614930610942735,
    0.9620354123464667,
    0.9620035093316318,
    0.9618439942574574,
    0.9620673153613016,
    0.9620673153613016,
    0.9626415696283299,
    0.9627053756579996,
    0.9626415696283299,
    0.9625139575689903,
    0.9628010847025044,
    0.963247726910193,
    0.9629605997766789,
    0.9637262721327166,
    0.9631520178656883,
    0.9630882118360184,
    0.9631520178656883,
    0.9637262721327166,
    0.9644600414739193
  ]
}