{
  "train_loss": [
    72.03399031575194,
    48.88547431930048,
    41.6337020049976,
    36.94108800647936,
    33.27547251583952,
    30.030490973135574,
    27.40416468228351,
    24.980507529328822,
    22.839307741714407,
    20.89607734548222,
    19.057741065070466,
    17.32734458268071,
    15.760609697324478,
    14.333027467504413,
    13.034228044232222,
    11.83720746900986,
    10.702779490288018,
    9.667308097992585,
    8.697049008132312,
    7.903104962390442
  ],
  "dev_loss": [
    60.4567886671394,
    53.947822533560476,
    52.28973839060506,
    50.65489721403184,
    49.43277507471038,
    50.084670983024104,
    48.409470553268065,
    48.71810758575182,
    48.677922708715506,
    49.492148879126205,
    49.188632424616664,
    49.82425304418318,
    49.65297350741247,
    50.60842866591811,
    50.85898882241735,
    51.64296807237249,
    53.14990008499163,
    53.15662373104512,
    53.963782530793885,
    54.2559693609552
  ],
  "test_loss": [],
  "train_acc_eucl": [
    0.9271763467674898,
    0.950865443917089,
    0.9584154533022283,
    0.9634683452658676,
    0.9672257528222454,
    0.9707753465797871,
    0.9735054165661116,
    0.9760963853806345,
    0.9782264768187059,
    0.9803699755986378,
    0.9823475585230472,
    0.98410392030676,
    0.9857195050009385,
    0.9872311827956989,
    0.9883121497331939,
    0.9897266242994663,
    0.990909822218647,
    0.9917846512750382,
    0.9928555627061378,
    0.9934706245139838
  ],
  "dev_acc_eucl": [
    0.938873823576328,
    0.9443292391130962,
    0.9457329717658318,
    0.9480937948636146,
    0.9497846546498644,
    0.9490508853086617,
    0.9519859626734727,
    0.951539320465784,
    0.9511245812729303,
    0.9506460360504068,
    0.951571223480619,
    0.9516669325251236,
    0.9516669325251236,
    0.9517945445844632,
    0.9508374541394162,
    0.9513479023767746,
    0.9505822300207369,
    0.952177380762482,
    0.9506460360504068,
    0.9510288722284256
  ]
}