{
  "train_loss": [
    236.5802361784446,
    187.25037300953346,
    174.63382867896937,
    166.27796988530332,
    160.43005550305656,
    155.48891892360413,
    152.00257602630583,
    148.65043531668508,
    145.30804856610573,
    143.1465401123577,
    141.23264287683114,
    138.58608245706404,
    136.68824170816134,
    134.60848932166758,
    133.12017619158797,
    131.58980051983303,
    130.37231909463154,
    128.71887777399735,
    127.38844042814252,
    125.79830236964031,
    124.90298614612426,
    123.84163286582823,
    122.86254204916871,
    121.9577720449171,
    121.01296135462022,
    120.24137293524316,
    119.03761675418362,
    117.99753722743554,
    117.10940993895679,
    116.60670944466318,
    115.74631089427442,
    115.43086817995099,
    114.6194071482919,
    113.57517006571588,
    113.11665983795656,
    112.54702456911107,
    111.9237894790572,
    111.28776670790472,
    110.38688959377377,
    109.71808470157613,
    109.52250598597226,
    108.69889262688373,
    108.18627664879405,
    107.51313905099902,
    106.48201084635626,
    106.4292800948737,
    105.81219618917518,
    105.33099730859396,
    104.8592729899645,
    104.2138724067399
  ],
  "dev_loss": [
    204.54571508863057,
    185.98210240867763,
    177.48118395078959,
    171.35258489192853,
    167.2820559872986,
    164.4603337728306,
    162.62080363195884,
    160.10183610573856,
    156.16352687828999,
    153.91345472264317,
    154.1135607129327,
    150.58224559838092,
    150.62920596386982,
    148.96196275821504,
    146.77045575201387,
    148.67815948890373,
    146.24720745807744,
    144.64735429294944,
    145.2473822080874,
    142.12782385298692,
    142.65953918836738,
    141.27105574054872,
    140.4773280165796,
    141.23961042804874,
    140.87717308133276,
    139.31997932535094,
    138.53874209901898,
    137.02737041892647,
    137.42461722613257,
    137.4444416785472,
    137.1458197080874,
    136.28533548637142,
    135.23216880059618,
    136.88323708426384,
    135.29162820027116,
    135.43224422754827,
    133.9697557238495,
    133.60156717329318,
    133.6092792909555,
    131.87450058073458,
    133.88043254755544,
    133.28781600808543,
    133.70894717558622,
    131.58496000284137,
    132.12506614267627,
    131.51760694364134,
    131.69230218261484,
    131.9005113517407,
    130.42004428412625,
    131.32665559200032
  ],
  "test_loss": [],
  "train_acc_eucl": [
    0.8959188051376934,
    0.9243758882363983,
    0.9324337006945003,
    0.9370659373072695,
    0.9407780950848684,
    0.9432902957659615,
    0.9454270908749631,
    0.947052731075537,
    0.9486867508647735,
    0.9501297160324994,
    0.95123414581825,
    0.9523838253827797,
    0.9533742927627169,
    0.9540832059635856,
    0.9550837288499182,
    0.9560339742042743,
    0.9566741747781085,
    0.957187005604269,
    0.9578389376022309,
    0.9585076287775186,
    0.959188051376934,
    0.9595952993859438,
    0.9602841015740219,
    0.9606997291716944,
    0.9612259673397152,
    0.9615963451586088,
    0.9620287319336068,
    0.9624510632022095,
    0.9628717185530796,
    0.9632638833024965,
    0.9636744831469712,
    0.9640750274850508,
    0.9645560158742927,
    0.9647655055908616,
    0.9651492907516156,
    0.965464363285335,
    0.9657526211353337,
    0.966112943447832,
    0.9663408682594589,
    0.9665386265518998,
    0.9670162631056767,
    0.9672307805754431,
    0.967510658836779,
    0.9677804815917196,
    0.9680452765934626,
    0.9682547663100314,
    0.9684542005202048,
    0.9688279301745636,
    0.968975410935028,
    0.9692066875821199
  ],
  "dev_acc_eucl": [
    0.9140851810496092,
    0.924868400063806,
    0.9315361301643005,
    0.9356835220928378,
    0.9389057265911629,
    0.9396713989472005,
    0.9411070346147711,
    0.9432126335938746,
    0.9442335300685915,
    0.9457967777955016,
    0.9448077843356197,
    0.947647152655926,
    0.9468495772850535,
    0.9481576008932844,
    0.9488913702344871,
    0.9498484606795342,
    0.9495294305311852,
    0.9501993938427181,
    0.9509969692135907,
    0.9513798053916095,
    0.951890253628968,
    0.952177380762482,
    0.9523049928218217,
    0.9512840963471048,
    0.952528313925666,
    0.9522730898069868,
    0.9537406284893922,
    0.9542510767267507,
    0.9543148827564205,
    0.9551762641569629,
    0.9551124581272931,
    0.9561333546020099,
    0.9546020098899346,
    0.9539001435635668,
    0.9553357792311373,
    0.9562928696761844,
    0.9558462274684958,
    0.9567395118838731,
    0.9563247726910193,
    0.9567714148987079,
    0.9560376455575051,
    0.9570585420322221,
    0.956420481735524,
    0.9570585420322221,
    0.957409475195406,
    0.9575051842399107,
    0.9576327962992502,
    0.9571542510767268,
    0.9580794385069389,
    0.9580794385069389
  ]
}