{
  "train_loss": [
    354.2326300030334,
    281.58904097885954,
    260.98613767920796,
    248.7701489598888,
    239.0984165471004,
    232.77894956396287,
    225.94536837483534,
    221.09331714187314,
    217.03402750304073,
    214.0527368168645,
    210.62878726311428,
    206.91521740044107,
    204.11219310803972,
    201.84725102487607,
    198.8643395364024,
    196.5949163045375,
    194.678159560566,
    192.17212900300805,
    190.17720736106537,
    188.50839716943256,
    186.66685377044305,
    185.58999472007355,
    183.24391311589454,
    181.72684872841836,
    180.6630661243554,
    179.43369518557543,
    178.51343435294072,
    176.77658100121525,
    175.91817612927133,
    174.93821566924422,
    174.13551289118539,
    173.40762181067618,
    172.01964130738656,
    171.1031999567299,
    169.48962314292604,
    168.65624399353703,
    167.25165884432064,
    166.3412855335148,
    165.6169471269166,
    164.77829355673526,
    163.9052066561063,
    163.247044730205,
    162.60742799275437,
    161.53519832797355,
    160.69440484816027,
    159.8114563025924,
    159.56485426507447,
    158.4207495148611,
    157.8653237518236,
    156.76700073369847
  ],
  "dev_loss": [
    305.6939223510528,
    282.5163433163184,
    267.47406795840647,
    253.60372617243578,
    250.63602922116766,
    243.8824881734527,
    240.47291932525124,
    237.44753399665018,
    235.8868421249402,
    232.02442705425506,
    230.73585369227547,
    228.39079018533658,
    224.23118800097703,
    223.23868483559977,
    220.3258831277915,
    219.35278403652896,
    218.62831803816397,
    215.97936878140453,
    215.57678127243182,
    214.9870481860145,
    211.79141547196522,
    212.5613126096666,
    211.40906145318232,
    212.11824995762882,
    208.65491088341443,
    207.30628271305233,
    207.1145666237139,
    207.59368388847903,
    206.14615939419167,
    207.07346105339766,
    204.98692013778114,
    206.23521332648747,
    203.6482759286768,
    203.72816138937628,
    201.38235295950312,
    202.96314852847345,
    200.6787042391131,
    200.189854031245,
    199.46514290307465,
    200.00887713849897,
    199.30541447748843,
    200.70045343406045,
    199.05893539888737,
    198.7765901035851,
    197.02261073212435,
    197.13110207469293,
    197.24695843386107,
    196.7594529193751,
    196.53993986406326,
    196.0757322427321
  ],
  "test_loss": [],
  "train_acc_eucl": [
    0.8962271740004827,
    0.9248200064355241,
    0.9326549218351969,
    0.937515083259593,
    0.9408669187246936,
    0.9435517389322393,
    0.945691885876706,
    0.9475119325342558,
    0.949117461722039,
    0.950201780494999,
    0.9515961440484809,
    0.9526536481377202,
    0.9536994208028317,
    0.9545725739414903,
    0.9552580242941034,
    0.956139557021425,
    0.9568602016464216,
    0.9574702357010699,
    0.9582327782693804,
    0.9587322017536803,
    0.9594293835304213,
    0.9598299278685007,
    0.9604868876196605,
    0.961081838414716,
    0.9614790309173303,
    0.9619147695277934,
    0.9623555358914542,
    0.9627108304507548,
    0.9632035502641246,
    0.9635789558362159,
    0.9638806210280749,
    0.9641604992894108,
    0.9645543399565603,
    0.964964939801035,
    0.9653571045504519,
    0.965811278255973,
    0.9660207679725418,
    0.9664162845574237,
    0.9666324779449227,
    0.9668168288955031,
    0.9671201700050948,
    0.9673313356393961,
    0.9676665191859062,
    0.9679229345989864,
    0.9683218030193333,
    0.9684994502989838,
    0.9688731799533424,
    0.9690139570428766,
    0.9692670206204917,
    0.9693960662858981
  ],
  "dev_acc_eucl": [
    0.9152017865688308,
    0.9283458286808104,
    0.9316637422236401,
    0.9355240070186632,
    0.9384590843834743,
    0.9410113255702663,
    0.9423193491784974,
    0.9439144999202425,
    0.9444249481576009,
    0.9448396873504546,
    0.9462753230180252,
    0.9459881958845111,
    0.9483809219971288,
    0.9490189822938268,
    0.9493380124421757,
    0.9498484606795342,
    0.9501036847982134,
    0.9505822300207369,
    0.9511245812729303,
    0.9511883873026001,
    0.952496410910831,
    0.9521454777476471,
    0.9527197320146754,
    0.9527835380443452,
    0.9534535013558781,
    0.9539320465784017,
    0.9541872706970809,
    0.9537087254745573,
    0.9556548093794863,
    0.9550486520976232,
    0.955782421438826,
    0.9545063008454299,
    0.9555910033498165,
    0.9561333546020099,
    0.9561333546020099,
    0.9565799968096985,
    0.9564842877651938,
    0.9567076088690382,
    0.9574413782102409,
    0.9572499601212314,
    0.9575051842399107,
    0.9576966023289201,
    0.9575689902695804,
    0.9580156324772691,
    0.9589089168926463,
    0.9586217897591323,
    0.9582070505662785,
    0.9587494018184718,
    0.9591003349816558,
    0.9588451108629765
  ]
}