{
  "train_loss": [
    216.11922286935342,
    146.46928420041388,
    124.87593018016744,
    110.29025748376154,
    99.33788272412808,
    89.98426548925066,
    81.80395097466335,
    74.58271667416639,
    68.022880590819,
    62.064860997795726,
    56.6957832753564,
    51.620888872330475,
    46.81629571471502,
    42.74241540312617,
    38.75954325493914,
    35.24189048940778,
    31.82893351246799,
    28.82967769277165,
    25.815325353437956,
    23.372244801067517
  ],
  "dev_loss": [
    180.11820257043587,
    162.36390603814405,
    157.88643188768643,
    151.31273229382677,
    150.55455417094532,
    146.79771837364413,
    146.52231541115012,
    147.0278393994756,
    145.97530117816837,
    147.88454238178437,
    147.89471353958965,
    149.67454915182844,
    148.08957883658678,
    150.94934252995893,
    152.21680960193513,
    154.97599703152417,
    155.46463491610504,
    160.10962315186833,
    163.20914245693092,
    164.48132904096548
  ],
  "test_loss": [],
  "train_acc_eucl": [
    0.926945070120398,
    0.9507263427452873,
    0.9582847317190893,
    0.963582307671681,
    0.9673916686777679,
    0.9708239481940311,
    0.9736411659024482,
    0.9761852090204596,
    0.9786035583085297,
    0.9807286219934036,
    0.9824699005175234,
    0.9841927439465852,
    0.9859608371544257,
    0.9872998954227334,
    0.9885618614753439,
    0.9898104201860939,
    0.990965127503821,
    0.9918885581744563,
    0.9929896361247419,
    0.9936985493256107
  ],
  "dev_acc_eucl": [
    0.9383314723241346,
    0.9442335300685915,
    0.9460839049290158,
    0.9483809219971288,
    0.9483490189822938,
    0.9506141330355719,
    0.9509012601690859,
    0.9511564842877652,
    0.9514117084064444,
    0.9498484606795342,
    0.9519221566438029,
    0.9517626415696283,
    0.9532620832668687,
    0.952177380762482,
    0.9520497687031424,
    0.952177380762482,
    0.9513159993619397,
    0.9505822300207369,
    0.9502951028872229,
    0.9498484606795342
  ]
}