{
  "train_loss": [
    207.157157790954,
    158.16849058888397,
    146.14505376972556,
    138.58416039218778,
    133.19504667882597,
    129.28640893794946,
    125.72317112826082,
    122.7675037127797,
    120.66170569649937,
    118.96843539063495,
    117.1038566709853,
    115.1733064301402,
    113.73546880554751,
    112.2095659953752,
    111.22510806363366,
    109.59787078874606,
    108.68592914463359,
    107.33765638849235,
    106.46109584967616,
    105.45333003642345,
    104.82697002754685,
    103.93483711729371,
    102.80242100293358,
    101.75775781663742,
    101.04540009092378,
    99.94307871769878,
    99.25146415472523,
    98.56407285697519,
    98.21444417700681,
    97.27003357197093,
    96.88502605836038,
    96.32135949850728,
    95.42556068842458,
    94.7171376820361,
    94.2991002725998,
    93.66257988726677,
    93.21057642483383,
    92.73139010132154,
    92.00905994088671,
    91.52686882699271,
    90.8072742201012,
    90.42812111511141,
    90.05014344464648,
    89.53969160743868,
    89.13889817217473,
    88.76582078286988,
    88.52516408969439,
    88.14755449347979,
    87.42508464759325,
    86.99709723192858
  ],
  "dev_loss": [
    174.36611276718776,
    156.59135933013638,
    147.6059184454259,
    140.62417478988874,
    137.110536811842,
    135.66896858550007,
    131.34405737807066,
    130.5829110130204,
    129.43181207254946,
    127.26273101645997,
    127.66862431956851,
    125.68572190540756,
    125.36602983181129,
    125.04696519455854,
    123.49251048686992,
    120.72895762506978,
    120.73617460731874,
    119.52968435331591,
    119.27799939745672,
    119.55742299659036,
    120.40545762756221,
    117.46351021021096,
    117.00677406309818,
    117.46655881744496,
    116.2417539274356,
    115.76931243083526,
    115.32582587994995,
    115.27796741655368,
    114.70772627774066,
    114.0895950373365,
    114.91943407665697,
    114.30175211108231,
    112.80821969961318,
    113.25116002041294,
    111.09912221534036,
    112.19285180862677,
    112.61680114327444,
    110.9581302372039,
    110.91155688270159,
    110.92424214762123,
    110.70127719545083,
    110.89441842112478,
    110.18705926171937,
    109.57498342538682,
    109.22572358156205,
    110.64409996734926,
    108.96516888658478,
    109.52193868140851,
    108.46755137818532,
    108.19331856157282
  ],
  "test_loss": [],
  "train_acc_eucl": [
    0.9087211406966454,
    0.9355123615691953,
    0.9421640790496876,
    0.9460505322714718,
    0.9488292038720403,
    0.9510028691711582,
    0.9528547582656263,
    0.9543547046362588,
    0.955360255275789,
    0.9565484809481672,
    0.9576210682969994,
    0.9585361193789719,
    0.9593288284664683,
    0.9601433244844877,
    0.9608053119888451,
    0.961517577025179,
    0.9620002413321534,
    0.9625281554179068,
    0.9631063470356367,
    0.9636912423242968,
    0.9641822862199341,
    0.9646280803367925,
    0.9647554500844663,
    0.9653721878100447,
    0.9659017778135307,
    0.9661783042394015,
    0.9665235432923068,
    0.9669358190545142,
    0.9673397152280588,
    0.9677134448824176,
    0.967924610516719,
    0.9682530903922988,
    0.9685078298876465,
    0.9688983187193307,
    0.969139650872818,
    0.9694279087228166,
    0.9696373984393855,
    0.9698720269219424,
    0.970175368031534,
    0.9704133483495562,
    0.9707183653768804,
    0.9708993644919958,
    0.971207733354785,
    0.9713837047167029,
    0.9716015740219344,
    0.9718663690236774,
    0.9721462472850133,
    0.9721948488992572,
    0.9725300324457673,
    0.9726875687126271
  ],
  "dev_acc_eucl": [
    0.9268463869835699,
    0.9372786728345829,
    0.9421917371191577,
    0.9457967777955016,
    0.9475833466262562,
    0.9492742064125059,
    0.9504546179613973,
    0.9516669325251236,
    0.9524645078959961,
    0.9532301802520338,
    0.9530706651778593,
    0.953836337533897,
    0.9550167490827883,
    0.9554314882756421,
    0.9569947360025522,
    0.9568671239432126,
    0.9576646993140852,
    0.9586217897591323,
    0.9578561174030946,
    0.9586536927739672,
    0.9582070505662785,
    0.9591322379964907,
    0.959355559100335,
    0.9597702982931887,
    0.9606316796937311,
    0.9600255224118679,
    0.959993619397033,
    0.9605997766788962,
    0.9607592917530706,
    0.9607592917530706,
    0.9610464188865848,
    0.9617482852129526,
    0.9620035093316318,
    0.9615887701387781,
    0.9617163821981177,
    0.9620035093316318,
    0.9620992183761365,
    0.9621311213909715,
    0.962609666613495,
    0.9626734726431648,
    0.9624820545541554,
    0.9629605997766789,
    0.9629925027915138,
    0.9633753389695326,
    0.9631201148508534,
    0.962928696761844,
    0.9638538841920562,
    0.9633434359546977,
    0.9641410113255703,
    0.9639814962513957
  ]
}