{
  "train_loss": [
    117.91548927963217,
    94.32926929011424,
    87.50504907450454,
    83.45979409530713,
    80.42700812652508,
    78.48541143400634,
    76.59432081610673,
    74.70018397550572,
    73.47689342174009,
    71.90440068533775,
    71.09270445810091,
    69.69110562080026,
    68.90458246758435,
    68.15715316581384,
    67.65928223517122,
    66.98088128189612,
    66.3309862784694,
    65.79713219527129,
    64.95322139718407,
    64.14258397925559,
    63.633711042310324,
    62.79087948205213,
    62.73747326862117,
    62.13975343276396,
    61.61935619237331,
    60.94547303868002,
    60.618289455188474,
    60.36842117675768,
    59.81554717849823,
    59.54307385082714,
    58.8893349295926,
    58.31867837219263,
    58.03844416655197,
    57.81938232965239,
    57.05818621885255,
    56.62870187927922,
    56.33732745935952,
    56.06534010282331,
    55.94818984330287,
    55.730993687858806,
    55.48835455830769,
    55.25459232063857,
    54.775458142062675,
    54.67058634610314,
    54.44231260316714,
    54.12706984023162,
    53.75498330455338,
    53.479979566962236,
    53.4484533915953,
    53.21582398838987
  ],
  "dev_loss": [
    102.17859158159196,
    93.89184834353566,
    89.67470651718774,
    86.05161686597742,
    84.90175155028713,
    81.97830513987478,
    82.20440130752512,
    79.07000051094673,
    79.70983073955176,
    78.14541732196622,
    77.5289596813188,
    76.14927363003967,
    75.53756361909794,
    75.51502864105619,
    75.38101427909156,
    74.47971863971028,
    73.83600705418029,
    74.38214167991805,
    72.70847839754646,
    73.1266339390752,
    71.97693482126834,
    72.58905851212315,
    71.19717877963491,
    71.62741803978406,
    70.56687979479881,
    70.64943079288962,
    70.49969861932226,
    70.12058898760269,
    70.00725291987358,
    70.01741259695525,
    69.62330973216422,
    68.503127056249,
    68.66341889406205,
    67.59811032274386,
    67.77977585639655,
    68.1227885976631,
    67.83210446492663,
    67.93041830958884,
    67.9061438072011,
    67.64393609053478,
    67.80117338603146,
    68.25071463999441,
    66.504991669076,
    67.11574983923872,
    67.07045484851052,
    66.70912860840545,
    66.79715239110604,
    65.80227179686254,
    66.30626944089967,
    66.35419719365629
  ],
  "test_loss": [],
  "train_acc_eucl": [
    0.8960143324484487,
    0.9240758989622717,
    0.9320767302174671,
    0.9366737725578527,
    0.9403674952403936,
    0.9426567988630574,
    0.9449963800176977,
    0.9465985573700159,
    0.9483767060842517,
    0.9498045879923847,
    0.950634167269997,
    0.9520503177540021,
    0.952945257823184,
    0.9539407529563189,
    0.9548373689432333,
    0.9554339956560213,
    0.9563507226557263,
    0.9570177379132813,
    0.9575942536132787,
    0.9582260745984501,
    0.9587925347920522,
    0.9593656986565844,
    0.9597779744187918,
    0.9603863325557075,
    0.9606745904057061,
    0.9612209395865176,
    0.9618360013943635,
    0.9619382323760491,
    0.9625030166519186,
    0.962900209154533,
    0.9633895771324377,
    0.9637364921030757,
    0.9639979352693535,
    0.964230887834178,
    0.9647621537553964,
    0.9652096237899874,
    0.9652615772396964,
    0.9656721770841713,
    0.9659269165795189,
    0.966195063416727,
    0.9663643311077146,
    0.9667564958571314,
    0.9671151422518971,
    0.9673514466521868,
    0.9675508808623602,
    0.9678391387123589,
    0.9680553320998578,
    0.9682430348859036,
    0.9685346445713673,
    0.9686905049204945
  ],
  "dev_acc_eucl": [
    0.9127133514117084,
    0.9259850055830275,
    0.9314404211197959,
    0.9353325889296539,
    0.9364491944488754,
    0.9395756899026958,
    0.9411708406444409,
    0.9425426702823417,
    0.9423831552081672,
    0.9444249481576009,
    0.945701068750997,
    0.9464029350773648,
    0.9471367044185676,
    0.9470728983888977,
    0.9474238315520817,
    0.9486999521454778,
    0.9491146913383315,
    0.949593236560855,
    0.9497846546498644,
    0.9509969692135907,
    0.9501036847982134,
    0.9510607752432605,
    0.9511245812729303,
    0.9516988355399585,
    0.9526559259850056,
    0.9528154410591801,
    0.9532301802520338,
    0.9531344712075291,
    0.9536449194448875,
    0.9532939862817036,
    0.953836337533897,
    0.9546658159196044,
    0.9548572340086138,
    0.9552400701866326,
    0.9553038762163024,
    0.9554314882756421,
    0.9554952943053119,
    0.9546339129047695,
    0.955782421438826,
    0.9567395118838731,
    0.9563247726910193,
    0.9558143244536609,
    0.9568033179135428,
    0.9569628329877173,
    0.9562609666613495,
    0.9578561174030946,
    0.9571542510767268,
    0.9583027596107833,
    0.9582389535811134,
    0.9581432445366087
  ]
}