{
  "train_loss": [
    143.9050842371898,
    97.75238732598868,
    83.29425175217526,
    73.6366658170222,
    66.26124468991031,
    59.97078233543496,
    54.71395346903121,
    49.91047843945585,
    45.39717993998257,
    41.5702020874629,
    37.929839278982094,
    34.44581940660427,
    31.407745894872246,
    28.658651817603484,
    25.90323693109205,
    23.541154363656393,
    21.211684625843642,
    19.191574314352597,
    17.332867282542864,
    15.578345561984577
  ],
  "dev_loss": [
    119.08057302674868,
    107.0845263368111,
    103.71532322988116,
    100.05856524291156,
    98.11659065814922,
    99.27979606060077,
    99.69966547009591,
    97.41268172879447,
    97.86068685570865,
    97.37134179282481,
    97.72459359484667,
    99.81061596185097,
    99.8358421803966,
    101.38012889254168,
    101.18289770971248,
    105.5977279694728,
    104.20072833274347,
    104.90253952982931,
    108.31631800264695,
    109.14562079715166
  ],
  "test_loss": [],
  "train_acc_eucl": [
    0.9273405867052799,
    0.9507548333467407,
    0.9582545651999035,
    0.9632940498216823,
    0.967376585418175,
    0.9707971335103103,
    0.9736210548896576,
    0.9761198482288901,
    0.9786035583085297,
    0.9802811519588126,
    0.9825352613090929,
    0.984237993725364,
    0.9858250878180892,
    0.9871373314026761,
    0.9886590647038318,
    0.9898204756924892,
    0.9908997667122517,
    0.9919840854852117,
    0.9927935537500335,
    0.9936968734078782
  ],
  "dev_acc_eucl": [
    0.9385228904131441,
    0.9446801722762801,
    0.9470728983888977,
    0.9498165576646993,
    0.9505184239910671,
    0.9497846546498644,
    0.9505822300207369,
    0.9506779390652417,
    0.9517307385547934,
    0.952209283777317,
    0.9517307385547934,
    0.9513798053916095,
    0.9513479023767746,
    0.9514117084064444,
    0.9509012601690859,
    0.9496889456053597,
    0.9513479023767746,
    0.9514436114212793,
    0.9516031264954539,
    0.9500079757537088
  ]
}