{
  "train_loss": [
    104.44820498834557,
    79.2157006627757,
    73.55998166519814,
    69.72416244505608,
    67.19827048661476,
    65.39005754145697,
    63.41763982086718,
    61.842161627692676,
    60.57604364683548,
    59.50710093667239,
    58.3791025107683,
    57.382903092027625,
    56.858394847533646,
    56.0740435846825,
    55.50641354731241,
    54.83800277646541,
    54.34704047052621,
    53.83575339577266,
    53.58625032788414,
    52.92668050506635,
    52.36798715416259,
    51.86432058985784,
    51.42708771788764,
    50.920967435720435,
    50.67492536544237,
    50.27505390219506,
    49.932851583170745,
    49.613669418487575,
    49.25271167580723,
    48.92510512603137,
    48.67018570684004,
    48.375052149028,
    47.92036070685706,
    47.67668721692048,
    47.5626124149642,
    47.16010500357808,
    46.95211580456673,
    46.68642341434353,
    46.56220030368415,
    46.062410548709344,
    45.86747041545306,
    45.60993611861499,
    45.44535811147587,
    45.10133375359589,
    44.80281803422732,
    44.539389621056536,
    44.41739610985976,
    44.28692771140969,
    44.07915423607061,
    44.04169669325327
  ],
  "dev_loss": [
    78.30398039958526,
    73.4664645415437,
    71.16711819506202,
    70.36284146195565,
    68.01042747235903,
    66.13655666461457,
    65.66755589570207,
    64.78055061051903,
    63.81366821425367,
    62.69014890046758,
    62.979599112448156,
    62.64790764201827,
    61.23643352333905,
    60.99628235632427,
    61.14514185469921,
    60.73307515465485,
    60.312873894610384,
    59.82070294585709,
    60.23792397673572,
    59.08224397830595,
    58.55368153469702,
    59.19250063401011,
    58.64581040044515,
    58.2846021687819,
    58.14264418199922,
    57.86609208007657,
    58.561682609866004,
    57.38145311689963,
    57.100208623596764,
    58.06817911050407,
    57.013829100160514,
    56.4303717324334,
    56.15739430257019,
    57.05038796122288,
    56.133080871650186,
    56.42685305421519,
    56.1482493454274,
    56.01893789754148,
    55.23634949752751,
    55.53838286297157,
    55.750095584423356,
    55.23619552809459,
    55.17466735499083,
    55.03931865877732,
    54.86094984528284,
    54.96188078865249,
    54.73277945202833,
    54.60868256593705,
    54.62868591980379
  ],
  "test_loss": [],
  "train_acc_eucl": [
    0.9076619606896736,
    0.9348604295712332,
    0.9415222025581208,
    0.9454371463813585,
    0.9483884375083795,
    0.9504783069208699,
    0.9521843911726061,
    0.9536843375432387,
    0.9547988228353846,
    0.9560205668624139,
    0.9570797468693857,
    0.9581825007374039,
    0.9588696270077495,
    0.9594997720751883,
    0.9603729252138471,
    0.9609259780655888,
    0.9616131043359344,
    0.9621460461748854,
    0.9626085994690693,
    0.9631113747888344,
    0.9635756040007508,
    0.964014694446679,
    0.9643766926769098,
    0.9650336524280696,
    0.9653922988228354,
    0.965878314965275,
    0.9663308127530635,
    0.9666308020271901,
    0.9668905692757354,
    0.9671771512080015,
    0.9675492049446277,
    0.9678910921620679,
    0.9681894055184619,
    0.9685614592550881,
    0.9687726248893894,
    0.9690893733408414,
    0.9692167430885152,
    0.969657509452176,
    0.9697815273643847,
    0.9699474432199072,
    0.9702859786018824,
    0.9705155793312418,
    0.9707921057571126,
    0.9710803636071113,
    0.9712630386399592,
    0.9715110744643767,
    0.9714825838629233,
    0.9718546375995495,
    0.972020553455072,
    0.9722937280454778
  ],
  "dev_acc_eucl": [
    0.9383633753389695,
    0.9411070346147711,
    0.9455734566916574,
    0.9477747647152656,
    0.9482214069229542,
    0.9509331631839208,
    0.9527835380443452,
    0.9529111501036848,
    0.9524007018663264,
    0.9540277556229063,
    0.954123464667411,
    0.9555271973201468,
    0.9563247726910193,
    0.9561971606316797,
    0.9571542510767268,
    0.9567395118838731,
    0.958047535492104,
    0.9577604083585899,
    0.9581432445366087,
    0.9581113415217738,
    0.959993619397033,
    0.9588451108629765,
    0.9595788802041793,
    0.9598341043228585,
    0.9596426862338491,
    0.9603126495453821,
    0.9602169405008774,
    0.9607273887382357,
    0.9612059339607593,
    0.9608550007975754,
    0.9614292550646036,
    0.9619078002871271,
    0.9619716063167969,
    0.9609507098420801,
    0.9622587334503111,
    0.9627691816876695,
    0.9625458605838252,
    0.9623544424948157,
    0.9628329877173393,
    0.9633115329398628,
    0.9626734726431648,
    0.9630882118360184,
    0.9635986600733769,
    0.9630882118360184,
    0.9634072419843676,
    0.963566757058542,
    0.9636305630882118,
    0.9631520178656883,
    0.9637900781623864
  ]
}